ISO_Code,Country,Year,"School age population, primary education, both sexes (number)","School age population, primary education, female (number)","School age population, primary education, male (number)","School age population, secondary education, both sexes (number)","School age population, secondary education, female (number)","School age population, secondary education, male (number)"
DZA,Algeria,2010,2910576,1424696,1485880,4582327,2205420,2376907
AGO,Angola,2010,3752445,1875823,1876622,3014214,1509142,1505072
BWA,Botswana,2010,301621,149328,152293,213310,106182,107128
BFA,Burkina Faso,2010,2679950,1321351,1358599,2540313,1256011,1284302
CPV,Cabo Verde,2010,66137,32275,33862,73823,36138,37685
CMR,Cameroon,2010,3155846,1573543,1582303,3094653,1543900,1550753
BDI,Burundi,2010,1368648,683290,685358,1420497,710737,709760
CAF,Central African Republic,2010,783562,388602,394960,776009,389672,386337
TCD,Chad,2010,2134632,1054047,1080585,1923992,950761,973231
COM,Comoros,2010,105891,51523,54368,113223,55263,57960
COG,"Congo, Rep.",2010,646734,321840,324894,647285,322542,324743
COD,"Congo, Dem. Rep.",2010,11481018,5738801,5742217,9407594,4698010,4709584
CIV,Cote d'Ivoire,2010,3768271,1856627,1911644,3601292,1804646,1796646
DJI,Djibouti,2010,#N/B,#N/B,#N/B,#N/B,#N/B,#N/B
EGY,"Egypt, Arab Rep.",2010,11589108,5649934,5939174,10575909,5130697,5445212
GNQ,Equatorial Guinea,2010,151835,73737,78098,133144,65435,67709
ERI,Eritrea,2010,388421,193098,195323,481144,239861,241283
ETH,Ethiopia,2010,15405185,7588513,7816672,12729116,6257055,6472061
SWZ,Eswatini,2010,195872,97942,97930,137186,70076,67110
GAB,Gabon,2010,238790,119264,119526,248490,123820,124670
GMB,"Gambia, The",2010,310516,154102,156414,273189,136085,137104
GHA,Ghana,2010,3790583,1874014,1916569,3820126,1887982,1932144
GNB,Guinea-Bissau,2010,245855,122073,123782,176299,87740,88559
GIN,Guinea,2010,1697510,836516,860994,1694002,835375,858627
KEN,Kenya,2010,6831402,3409360,3422042,5670593,2835680,2834913
LSO,Lesotho,2010,327794,163547,164247,231963,116410,115553
LBY,Libya,2010,731617,356475,375142,714822,349033,365789
LBR,Liberia,2010,649735,322587,327148,525508,262310,263198
MWI,Malawi,2010,2513658,1265050,1248608,2056201,1048832,1007369
MDG,Madagascar,2010,3126569,1547904,1578665,3717672,1839210,1878462
MLI,Mali,2010,2578487,1272765,1305722,2065107,1019680,1045427
MRT,Mauritania,2010,543019,272524,270495,539580,272781,266799
MUS,Mauritius,2010,116739,57277,59462,146135,72371,73764
MOZ,Mozambique,2010,4516124,2262015,2254109,2674675,1342116,1332559
MAR,Morocco,2010,3681367,1774626,1906741,3792973,1841666,1951307
NAM,Namibia,2010,345969,174691,171278,255889,130132,125757
NGA,Nigeria,2010,27005448,13299825,13705623,21675312,10642850,11032462
NER,Niger,2010,2802745,1376216,1426529,2394716,1173214,1221502
RWA,Rwanda,2010,1480420,750795,729625,1313422,667707,645715
STP,Sao Tome and Principe,2010,28608,14295,14313,20082,9913,10169
SEN,Senegal,2010,2021357,1000474,1020883,1953333,972652,980681
SYC,Seychelles,2010,7793,3862,3931,9917,4808,5109
SOM,Somalia,2010,2184426,1076913,1107513,1710159,843063,867096
SLE,Sierra Leone,2010,1020041,506269,513772,845719,422001,423718
ZAF,South Africa,2010,6790781,3343998,3446783,5415730,2671867,2743863
SDN,Sudan,2010,5976105,2951177,3024928,4253827,2112168,2141659
SSD,South Sudan,2010,1530228,756749,773479,1187695,588316,599379
TZA,Tanzania,2010,8406846,4184002,4222844,5725427,2857934,2867493
TGO,Togo,2010,1031720,511960,519760,1014390,503021,511369
TUN,Tunisia,2010,994034,480349,513685,1320868,646083,674785
UGA,Uganda,2010,6903384,3457511,3445873,4752706,2385276,2367430
ZMB,Zambia,2010,2638604,1329636,1308968,1559363,786419,772944
ZWE,Zimbabwe,2010,2556436,1273416,1283020,1729357,881362,847995
BEN,Benin,2010,1585110,779803,805307,1539364,758080,781284
DZA,Algeria,2011,2983344,1459117,1524227,4431405,2139440,2291965
AGO,Angola,2011,3915372,1956618,1958754,3112364,1558231,1554133
BWA,Botswana,2011,306900,151925,154975,210812,104961,105851
BFA,Burkina Faso,2011,2765877,1363267,1402610,2606820,1289090,1317730
CPV,Cabo Verde,2011,64306,31362,32944,71767,35072,36695
CMR,Cameroon,2011,3258681,1624641,1634040,3156905,1574936,1581969
BDI,Burundi,2011,1431237,714377,716860,1422093,711408,710685
CAF,Central African Republic,2011,797009,394876,402133,791616,396368,395248
TCD,Chad,2011,2212434,1092055,1120379,2000431,988032,1012399
COM,Comoros,2011,104753,51070,53683,114151,55879,58272
COG,"Congo, Rep.",2011,670033,333383,336650,659503,328616,330887
COD,"Congo, Dem. Rep.",2011,11850104,5925042,5925062,9712331,4850281,4862050
CIV,Cote d'Ivoire,2011,3748582,1833627,1914955,3592054,1793119,1798935
DJI,Djibouti,2011,#N/B,#N/B,#N/B,#N/B,#N/B,#N/B
EGY,"Egypt, Arab Rep.",2011,11736642,5729094,6007548,10676874,5184628,5492246
GNQ,Equatorial Guinea,2011,158761,76995,81766,135940,66678,69262
ERI,Eritrea,2011,393735,195666,198069,494816,246577,248239
ETH,Ethiopia,2011,15776501,7773715,8002786,13184416,6484552,6699864
SWZ,Eswatini,2011,195364,97417,97947,134758,68481,66277
GAB,Gabon,2011,244996,122351,122645,252502,125762,126740
GMB,"Gambia, The",2011,316516,157006,159510,279402,139085,140317
GHA,Ghana,2011,3883172,1919897,1963275,3863306,1909723,1953583
GNB,Guinea-Bissau,2011,258637,128311,130326,220029,109460,110569
GIN,Guinea,2011,1719419,847720,871699,1742330,858820,883510
KEN,Kenya,2011,7030189,3507204,3522985,5813726,2908523,2905203
LSO,Lesotho,2011,328923,164059,164864,229727,115186,114541
LBY,Libya,2011,748425,364357,384068,709472,346500,362972
LBR,Liberia,2011,669541,332174,337367,544454,271556,272898
MWI,Malawi,2011,2602472,1309988,1292484,2119730,1076405,1043325
MDG,Madagascar,2011,3173354,1571376,1601978,3850561,1905211,1945350
MLI,Mali,2011,2688396,1327077,1361319,2119163,1045935,1073228
MRT,Mauritania,2011,561608,282893,278715,546850,278622,268228
MUS,Mauritius,2011,116037,57035,59002,142990,70872,72118
MOZ,Mozambique,2011,4624748,2315660,2309088,2753289,1381949,1371340
MAR,Morocco,2011,3675239,1774993,1900246,3753377,1821350,1932027
NAM,Namibia,2011,345016,174102,170914,250375,127231,123144
NGA,Nigeria,2011,27950810,13766223,14184587,22292692,10945083,11347610
NER,Niger,2011,2927300,1437581,1489719,2505730,1227655,1278075
RWA,Rwanda,2011,1518946,771312,747634,1328314,674367,653947
STP,Sao Tome and Principe,2011,29548,14789,14759,24334,12035,12299
SEN,Senegal,2011,2075888,1027056,1048832,1988958,990022,998936
SYC,Seychelles,2011,7792,3906,3886,9552,4646,4906
SOM,Somalia,2011,2238463,1103767,1134696,1785648,880121,905527
SLE,Sierra Leone,2011,1042501,517174,525327,872590,435307,437283
ZAF,South Africa,2011,6693917,3295239,3398678,5347296,2637182,2710114
SDN,Sudan,2011,6127059,3026383,3100676,4347317,2153447,2193870
SSD,South Sudan,2011,1604637,793601,811036,1240465,614347,626118
TZA,Tanzania,2011,8673157,4317414,4355743,5915425,2951723,2963702
TGO,Togo,2011,1058608,525093,533515,1034403,512874,521529
TUN,Tunisia,2011,992134,479085,513049,1289606,631146,658460
UGA,Uganda,2011,7111673,3561965,3549708,4912193,2463879,2448314
ZMB,Zambia,2011,2720018,1370039,1349979,1605806,809935,795871
ZWE,Zimbabwe,2011,2619296,1304832,1314464,1746710,890010,856700
BEN,Benin,2011,1629470,801630,827840,1582627,779005,803622
DZA,Algeria,2012,3079912,1505328,1574584,4308053,2085950,2222103
AGO,Angola,2012,4089885,2043071,2046814,3218047,1611111,1606936
BWA,Botswana,2012,312656,154721,157935,208457,103634,104823
BFA,Burkina Faso,2012,2859211,1409011,1450200,2679627,1324819,1354808
CPV,Cabo Verde,2012,62648,30487,32161,68868,33539,35329
CMR,Cameroon,2012,3365517,1677762,1687755,3226713,1609761,1616952
BDI,Burundi,2012,1507985,752584,755401,1420596,710423,710173
CAF,Central African Republic,2012,808379,400215,408164,806075,402335,403740
TCD,Chad,2012,2300006,1134757,1165249,2071728,1022957,1048771
COM,Comoros,2012,104137,50896,53241,114710,56302,58408
COG,"Congo, Rep.",2012,696108,346296,349812,671512,334562,336950
COD,"Congo, Dem. Rep.",2012,12219379,6111224,6108155,10035826,5012169,5023657
CIV,Cote d'Ivoire,2012,3730921,1815142,1915779,3573592,1770041,1803551
DJI,Djibouti,2012,#N/B,#N/B,#N/B,#N/B,#N/B,#N/B
EGY,"Egypt, Arab Rep.",2012,11915497,5822193,6093304,10833061,5265159,5567902
GNQ,Equatorial Guinea,2012,167409,81206,86203,138634,67826,70808
ERI,Eritrea,2012,404440,200923,203517,503909,250954,252955
ETH,Ethiopia,2012,16160606,7963356,8197250,13607947,6696976,6910971
SWZ,Eswatini,2012,195211,97214,97997,132820,67029,65791
GAB,Gabon,2012,212473,106086,106387,259899,129561,130338
GMB,"Gambia, The",2012,323397,160356,163041,285246,141899,143347
GHA,Ghana,2012,3979698,1967878,2011820,3919829,1938057,1981772
GNB,Guinea-Bissau,2012,265130,131493,133637,225418,112108,113310
GIN,Guinea,2012,1748602,862486,886116,1782652,878478,904174
KEN,Kenya,2012,7227575,3604154,3623421,5966375,2987306,2979069
LSO,Lesotho,2012,331018,165062,165956,227741,114099,113642
LBY,Libya,2012,752371,365555,386816,665562,323695,341867
LBR,Liberia,2012,693222,343684,349538,570873,284659,286214
MWI,Malawi,2012,2699501,1359077,1340424,2186513,1106552,1079961
MDG,Madagascar,2012,3226960,1598086,1628874,3970000,1964672,2005328
MLI,Mali,2012,2803903,1384217,1419686,2181282,1076108,1105174
MRT,Mauritania,2012,583323,294438,288885,555430,285054,270376
MUS,Mauritius,2012,114358,56218,58140,138013,68244,69769
MOZ,Mozambique,2012,4734082,2369543,2364539,2838393,1424667,1413726
MAR,Morocco,2012,3692925,1787454,1905471,3714420,1800141,1914279
NAM,Namibia,2012,344589,173761,170828,246402,125104,121298
NGA,Nigeria,2012,28892592,14229907,14662685,22971696,11279264,11692433
NER,Niger,2012,3053621,1499872,1553749,2625281,1286407,1338874
RWA,Rwanda,2012,1561352,793854,767498,1348146,683629,664517
STP,Sao Tome and Principe,2012,30448,15251,15197,24958,12375,12583
SEN,Senegal,2012,2129324,1053202,1076122,2037648,1013461,1024187
SYC,Seychelles,2012,7668,3821,3847,9207,4454,4753
SOM,Somalia,2012,2229105,1099489,1129616,1792947,883865,909082
SLE,Sierra Leone,2012,1063867,527588,536279,899617,448571,451046
ZAF,South Africa,2012,6689589,3291833,3397756,5255716,2591276,2664440
SDN,Sudan,2012,6271470,3098179,3173291,4450839,2201473,2249366
SSD,South Sudan,2012,1663452,822844,840608,1297759,642353,655406
TZA,Tanzania,2012,8966900,4464346,4502554,6114957,3049782,3065175
TGO,Togo,2012,1087862,539394,548468,1056512,523757,532755
TUN,Tunisia,2012,995042,480340,514702,1258069,615479,642590
UGA,Uganda,2012,7325102,3668624,3656478,5064576,2539188,2525388
ZMB,Zambia,2012,2809070,1414052,1395018,1654919,834784,820135
ZWE,Zimbabwe,2012,2663837,1327138,1336699,1779464,906297,873167
BEN,Benin,2012,1676360,824788,851572,1626569,800269,826300
DZA,Algeria,2013,3212498,1569514,1642984,4205664,2042440,2163224
AGO,Angola,2013,4274245,2134403,2139842,3332036,1668154,1663882
BWA,Botswana,2013,322901,159842,163059,211764,105184,106580
BFA,Burkina Faso,2013,2961227,1459225,1502002,2762393,1365061,1397332
CPV,Cabo Verde,2013,61715,29986,31729,65747,31857,33890
CMR,Cameroon,2013,3476976,1733317,1743659,3302016,1647424,1654592
BDI,Burundi,2013,1593685,795275,798410,1434735,717454,717281
CAF,Central African Republic,2013,818175,404942,413233,819460,407845,411615
TCD,Chad,2013,2389712,1178376,1211336,2140902,1056866,1084036
COM,Comoros,2013,103982,50970,53012,114857,56475,58382
COG,"Congo, Rep.",2013,724621,360409,364212,681230,339289,341941
COD,"Congo, Dem. Rep.",2013,12611861,6308924,6302937,10374478,5182126,5192352
CIV,Cote d'Ivoire,2013,3741700,1813402,1928298,3544292,1736299,1807993
DJI,Djibouti,2013,#N/B,#N/B,#N/B,#N/B,#N/B,#N/B
EGY,"Egypt, Arab Rep.",2013,12123245,5927553,6195692,10990845,5345396,5645449
GNQ,Equatorial Guinea,2013,176689,86080,90609,141715,69098,72617
ERI,Eritrea,2013,427722,212332,215390,523182,260296,262886
ETH,Ethiopia,2013,16539795,8148273,8391522,14026162,6907205,7118957
SWZ,Eswatini,2013,194442,96950,97492,131992,66056,65936
GAB,Gabon,2013,218681,109172,109509,265218,132177,133041
GMB,"Gambia, The",2013,331363,164254,167109,290634,144481,146153
GHA,Ghana,2013,4061663,2008718,2052945,3455595,1708652,1746943
GNB,Guinea-Bissau,2013,271940,134832,137108,230908,114799,116109
GIN,Guinea,2013,1781411,878985,902426,1820468,897158,923310
KEN,Kenya,2013,7423700,3700594,3723106,6141566,3076150,3065416
LSO,Lesotho,2013,334382,166709,167673,225897,113107,112790
LBY,Libya,2013,771398,374257,397141,676021,329134,346887
LBR,Liberia,2013,715974,354712,361262,587996,292828,295168
MWI,Malawi,2013,2804766,1412238,1392528,2254346,1138232,1116114
MDG,Madagascar,2013,3285800,1627272,1658528,4077910,2018442,2059468
MLI,Mali,2013,2918885,1441098,1477787,2246627,1107609,1139018
MRT,Mauritania,2013,607611,306844,300767,565940,292301,273639
MUS,Mauritius,2013,111256,54661,56595,137720,67947,69773
MOZ,Mozambique,2013,4842754,2423016,2419738,2929377,1470267,1459110
MAR,Morocco,2013,3718690,1804096,1914594,3689356,1785341,1904015
NAM,Namibia,2013,347788,174904,172884,245847,124596,121251
NGA,Nigeria,2013,29791716,14671353,15120362,23737744,11656737,12081008
NER,Niger,2013,3183313,1563708,1619605,2754866,1350349,1404517
RWA,Rwanda,2013,1941833,970068,971765,1843645,924758,918887
STP,Sao Tome and Principe,2013,31407,15730,15677,25461,12687,12774
SEN,Senegal,2013,2183059,1079355,1103704,2088708,1038301,1050407
SYC,Seychelles,2013,7658,3769,3889,8626,4158,4468
SOM,Somalia,2013,2284312,1126733,1157579,1845662,909971,935691
SLE,Sierra Leone,2013,1085093,538139,546954,1063913,529945,533968
ZAF,South Africa,2013,6786219,3340147,3446072,5187798,2562663,2625135
SDN,Sudan,2013,6409956,3166924,3243032,4569153,2258561,2310592
SSD,South Sudan,2013,1720034,850919,869115,1351353,668555,682798
TZA,Tanzania,2013,9267032,4614189,4652843,6337032,3158878,3178154
TGO,Togo,2013,1119984,555168,564816,1080758,535662,545096
TUN,Tunisia,2013,1002898,484250,518648,1228544,600353,628191
UGA,Uganda,2013,7530793,3771123,3759670,5222407,2617343,2605064
ZMB,Zambia,2013,2904176,1460991,1443185,1706358,860721,845637
ZWE,Zimbabwe,2013,2685405,1338571,1346834,1826663,932794,893869
BEN,Benin,2013,1728914,850855,878059,1669919,821226,848693
DZA,Algeria,2014,3387748,1654801,1732947,4121098,2007242,2113856
AGO,Angola,2014,4465470,2229196,2236274,3456739,1730463,1726276
BWA,Botswana,2014,331806,164311,167495,216714,107576,109138
BFA,Burkina Faso,2014,3067895,1511723,1556172,2847396,1406467,1440929
CPV,Cabo Verde,2014,61332,29780,31552,62573,30131,32442
CMR,Cameroon,2014,3592909,1791174,1801735,3382772,1687688,1695084
BDI,Burundi,2014,1685657,841074,844583,1448704,724185,724519
CAF,Central African Republic,2014,826677,409139,417538,829723,412354,417369
TCD,Chad,2014,2484511,1224439,1260072,2226528,1099101,1127427
COM,Comoros,2014,105988,51868,54120,114187,56165,58022
COG,"Congo, Rep.",2014,752589,374235,378354,696059,346584,349475
COD,"Congo, Dem. Rep.",2014,13031891,6520211,6511680,10657181,5325211,5331970
CIV,Cote d'Ivoire,2014,3793323,1833647,1959676,3505329,1693008,1812321
DJI,Djibouti,2014,#N/B,#N/B,#N/B,#N/B,#N/B,#N/B
EGY,"Egypt, Arab Rep.",2014,12366811,6047748,6319063,11187225,5445966,5741259
GNQ,Equatorial Guinea,2014,186338,91213,95125,145590,70687,74903
ERI,Eritrea,2014,434228,215507,218721,533082,265121,267961
ETH,Ethiopia,2014,16896682,8320833,8575849,14423626,7107934,7315692
SWZ,Eswatini,2014,193913,96903,97010,131916,65523,66393
GAB,Gabon,2014,225420,112515,112905,271295,135187,136108
GMB,"Gambia, The",2014,340814,168906,171908,295338,146730,148608
GHA,Ghana,2014,4135344,2045501,2089843,3541551,1751472,1790079
GNB,Guinea-Bissau,2014,279300,138442,140858,236418,117495,118923
GIN,Guinea,2014,1817759,897193,920566,1856320,914970,941350
KEN,Kenya,2014,7614250,3794191,3820059,6324882,3169149,3155733
LSO,Lesotho,2014,339424,169206,170218,224582,112391,112191
LBY,Libya,2014,789330,382751,406579,689236,335784,353452
LBR,Liberia,2014,739011,365891,373120,606091,301505,304586
MWI,Malawi,2014,2910880,1465808,1445072,2327127,1173228,1153899
MDG,Madagascar,2014,3354575,1661214,1693361,4170977,2064906,2106071
MLI,Mali,2014,3037551,1499848,1537703,2330661,1148847,1181814
MRT,Mauritania,2014,630705,317231,313474,582980,300339,282641
MUS,Mauritius,2014,108387,53299,55088,137008,67505,69503
MOZ,Mozambique,2014,4961248,2481203,2480045,3021609,1516304,1505305
MAR,Morocco,2014,3755274,1825790,1929484,3676732,1777045,1899687
NAM,Namibia,2014,352088,176628,175460,247405,125051,122354
NGA,Nigeria,2014,30671288,15104027,15567261,24532620,12047933,12484686
NER,Niger,2014,3314815,1628372,1686443,2886229,1415069,1471160
RWA,Rwanda,2014,1734754,874210,860544,1403737,713042,690695
STP,Sao Tome and Principe,2014,32266,16145,16121,26098,13067,13031
SEN,Senegal,2014,2256284,1113479,1142805,2165811,1075228,1090583
SYC,Seychelles,2014,7452,3737,3715,8140,4015,4125
SOM,Somalia,2014,2355285,1161600,1193685,1912123,942879,969244
SLE,Sierra Leone,2014,1106287,548942,557345,1095387,544776,550611
ZAF,South Africa,2014,6905297,3400680,3504617,5160943,2551991,2608952
SDN,Sudan,2014,6543634,3233086,3310548,4695489,2320999,2374490
SSD,South Sudan,2014,1775774,878509,897265,1404180,694544,709636
TZA,Tanzania,2014,9568308,4763973,4804335,6571981,3274171,3297810
TGO,Togo,2014,1155486,572648,582838,1107277,548659,558618
TUN,Tunisia,2014,1019282,492329,526953,1200367,585453,614914
UGA,Uganda,2014,7732386,3870942,3861444,5379388,2695339,2684049
ZMB,Zambia,2014,3005422,1510949,1494473,1760092,887587,872505
ZWE,Zimbabwe,2014,2706106,1348049,1358057,1879261,956923,922338
BEN,Benin,2014,1782597,877550,905047,1705026,838249,866777
DZA,Algeria,2015,3582093,1749670,1832423,4081182,1993541,2087641
AGO,Angola,2015,4661554,2326384,2335170,3590639,1797146,1793493
BWA,Botswana,2015,339113,168000,171113,222573,110446,112127
BFA,Burkina Faso,2015,3178921,1566235,1612686,2935415,1449178,1486237
CPV,Cabo Verde,2015,61021,29616,31405,59904,28698,31206
CMR,Cameroon,2015,3711130,1849990,1861140,3484984,1739022,1745962
BDI,Burundi,2015,1783052,889563,893489,1511870,755544,756326
CAF,Central African Republic,2015,830985,411486,419499,832667,413678,418989
TCD,Chad,2015,2582236,1272180,1310056,2307207,1138732,1168475
COM,Comoros,2015,108563,53011,55552,114616,56227,58389
COG,"Congo, Rep.",2015,784223,389875,394348,714365,355619,358746
COD,"Congo, Dem. Rep.",2015,13485858,6748342,6737516,10950320,5473312,5477008
CIV,Cote d'Ivoire,2015,3953140,1917544,2035596,3608711,1730485,1878226
DJI,Djibouti,2015,#N/B,#N/B,#N/B,#N/B,#N/B,#N/B
EGY,"Egypt, Arab Rep.",2015,12629283,6173665,6455618,11375623,5544027,5831596
GNQ,Equatorial Guinea,2015,196422,96596,99826,150085,72595,77490
ERI,Eritrea,2015,439113,217882,221231,532376,264600,267776
ETH,Ethiopia,2015,17216260,8473988,8742271,14828862,7313067,7515795
SWZ,Eswatini,2015,193672,96960,96712,131731,65209,66522
GAB,Gabon,2015,232841,116190,116651,277773,138433,139340
GMB,"Gambia, The",2015,350758,173818,176940,300171,149036,151135
GHA,Ghana,2015,4207134,2081384,2125750,3638404,1799659,1838745
GNB,Guinea-Bissau,2015,286291,141868,144423,242321,120384,121937
GIN,Guinea,2015,1859765,918069,941696,1889311,931444,957867
KEN,Kenya,2015,7796052,3882983,3913069,6513592,3264866,3248726
LSO,Lesotho,2015,343705,171332,172373,224642,112374,112268
LBY,Libya,2015,803864,389764,414100,701776,341922,359854
LBR,Liberia,2015,760533,376318,384215,623630,309903,313727
MWI,Malawi,2015,3012952,1517173,1495779,2406981,1212549,1194432
MDG,Madagascar,2015,3431113,1698779,1732334,4252980,2105922,2147058
MLI,Mali,2015,3158042,1559642,1598400,2424988,1195306,1229682
MRT,Mauritania,2015,654359,327847,326512,601225,308849,292376
MUS,Mauritius,2015,104431,51365,53066,137289,67601,69688
MOZ,Mozambique,2015,5109994,2554405,2555589,3107894,1559259,1548635
MAR,Morocco,2015,3809085,1854452,1954633,3660611,1768893,1891718
NAM,Namibia,2015,358293,179445,178848,250437,126199,124238
NGA,Nigeria,2015,31567390,15543809,16023581,25364764,12457336,12907429
NER,Niger,2015,3448823,1694338,1754485,3023664,1482702,1540962
RWA,Rwanda,2015,1785666,898637,887029,1440851,731713,709138
STP,Sao Tome and Principe,2015,32984,16488,16496,26848,13500,13348
SEN,Senegal,2015,2329159,1146399,1182760,2248755,1115220,1133535
SYC,Seychelles,2015,7482,3818,3664,8029,3960,4069
SOM,Somalia,2015,2419712,1193086,1226626,1978894,976050,1002844
SLE,Sierra Leone,2015,1126955,559350,567605,1127631,559903,567728
ZAF,South Africa,2015,7040996,3468082,3572914,5045932,2489432,2556500
SDN,Sudan,2015,6677631,3299030,3378601,4843759,2395518,2448241
SSD,South Sudan,2015,1811564,896067,915497,1422954,703134,719820
TZA,Tanzania,2015,9853011,4904761,4948250,6800834,3387768,3413066
TGO,Togo,2015,1192898,591106,601792,1136198,562817,573381
TUN,Tunisia,2015,1043397,503662,539735,1175020,571888,603132
UGA,Uganda,2015,7927461,3966736,3960725,5547846,2779663,2768183
ZMB,Zambia,2015,3109568,1562230,1547338,1815009,915009,900000
ZWE,Zimbabwe,2015,2734177,1361455,1372722,1942695,986532,956163
BEN,Benin,2015,1834715,903483,931232,1748103,859338,888765
DZA,Algeria,2016,3775809,1844487,1931322,4094154,2005442,2088712
AGO,Angola,2016,4861708,2425642,2436066,3738092,1870340,1867752
BWA,Botswana,2016,344929,170934,173995,229232,113787,115445
BFA,Burkina Faso,2016,3286996,1619234,1667762,3029067,1494888,1534179
CPV,Cabo Verde,2016,60647,29421,31226,57980,27699,30281
CMR,Cameroon,2016,3824459,1906225,1918234,3594047,1793461,1800586
BDI,Burundi,2016,1876235,935923,940312,1523770,760643,763127
CAF,Central African Republic,2016,840559,416739,423820,852419,423015,429404
TCD,Chad,2016,2680921,1320356,1360565,2375057,1171813,1203244
COM,Comoros,2016,111615,54298,57317,116004,56727,59277
COG,"Congo, Rep.",2016,819124,407113,412011,734735,365678,369057
COD,"Congo, Dem. Rep.",2016,13978209,6995055,6983154,11281427,5641092,5640335
CIV,Cote d'Ivoire,2016,4111916,1999716,2112200,3735150,1783310,1951840
DJI,Djibouti,2016,#N/B,#N/B,#N/B,#N/B,#N/B,#N/B
EGY,"Egypt, Arab Rep.",2016,12927342,6313512,6613830,11543926,5634320,5909606
GNQ,Equatorial Guinea,2016,206508,101976,104532,155479,75020,80459
ERI,Eritrea,2016,441480,219012,222468,540969,268781,272188
ETH,Ethiopia,2016,17488296,8603771,8884524,15220059,7510749,7709310
SWZ,Eswatini,2016,192998,96697,96301,132020,65291,66729
GAB,Gabon,2016,241196,120318,120878,284430,141799,142631
GMB,"Gambia, The",2016,361100,178928,182172,305424,151564,153860
GHA,Ghana,2016,4283173,2119132,2164041,3734315,1847407,1886908
GNB,Guinea-Bissau,2016,293015,145158,147857,248416,123365,125051
GIN,Guinea,2016,1907956,941895,966061,1920643,947092,973551
KEN,Kenya,2016,7962793,3963968,3998825,6694546,3357501,3337045
LSO,Lesotho,2016,346051,172503,173548,226571,113289,113282
LBY,Libya,2016,814796,395151,419645,715978,348743,367235
LBR,Liberia,2016,780851,386182,394669,642157,318833,323324
MWI,Malawi,2016,3105817,1563521,1542296,2492001,1255175,1236826
MDG,Madagascar,2016,3514884,1739725,1775159,4327766,2143374,2184392
MLI,Mali,2016,3278757,1619470,1659287,2528130,1246340,1281790
MRT,Mauritania,2016,678249,338567,339682,621109,318028,303081
MUS,Mauritius,2016,100598,49602,50996,136347,66963,69384
MOZ,Mozambique,2016,5285714,2641091,2644623,3188540,1599190,1589350
MAR,Morocco,2016,3873303,1886252,1987051,3641058,1761702,1879356
NAM,Namibia,2016,367738,183975,183763,253209,127233,125976
NGA,Nigeria,2016,32443984,15973425,16470559,26241756,12887716,13354039
NER,Niger,2016,3584674,1761210,1823464,3165676,1552655,1613021
RWA,Rwanda,2016,1810740,910402,900338,1486315,754326,731989
STP,Sao Tome and Principe,2016,33488,16723,16765,27697,13969,13728
SEN,Senegal,2016,2400844,1177933,1222911,2335237,1156809,1178428
SYC,Seychelles,2016,7136,3479,3657,7298,3771,3527
SOM,Somalia,2016,2467493,1216009,1251484,2042249,1007463,1034786
SLE,Sierra Leone,2016,1148098,569853,578245,1157668,574360,583308
ZAF,South Africa,2016,7261270,3576881,3684389,4972733,2444416,2528317
SDN,Sudan,2016,6817288,3367837,3449451,4984076,2466007,2518069
SSD,South Sudan,2016,1850015,915044,934971,1477679,730697,746982
TZA,Tanzania,2016,10129646,5040857,5088789,7049386,3508180,3541206
TGO,Togo,2016,1233415,611140,622275,1166703,577728,588975
TUN,Tunisia,2016,1074371,518205,556166,1159168,563263,595905
UGA,Uganda,2016,8124555,4062698,4061857,5735967,2874171,2861796
ZMB,Zambia,2016,3217003,1614973,1602030,1870378,942657,927721
ZWE,Zimbabwe,2016,2780629,1384422,1396207,2005520,1015245,990275
BEN,Benin,2016,1885132,928665,956467,1795834,882782,913052
DZA,Algeria,2017,3963647,1936877,2026770,4208402,2059488,2148914
AGO,Angola,2017,5062538,2525263,2537275,3901103,1951246,1949857
BWA,Botswana,2017,349413,173182,176231,234584,116503,118081
BFA,Burkina Faso,2017,3397095,1673356,1723739,3127586,1542792,1584794
CPV,Cabo Verde,2017,60303,29233,31070,56774,27074,29700
CMR,Cameroon,2017,3930342,1958512,1971830,3710939,1851679,1859260
BDI,Burundi,2017,1976839,985926,990913,1379212,688164,691048
CAF,Central African Republic,2017,868384,430625,437759,872020,432397,439623
TCD,Chad,2017,2777046,1367484,1409562,2463250,1215077,1248173
COM,Comoros,2017,114402,55544,58858,118428,57602,60826
COG,"Congo, Rep.",2017,858165,426367,431798,758558,377472,381086
COD,"Congo, Dem. Rep.",2017,14514800,7263606,7251194,11678262,5842439,5835823
CIV,Cote d'Ivoire,2017,4276546,2082497,2194049,3867150,1845345,2021805
DJI,Djibouti,2017,#N/B,#N/B,#N/B,#N/B,#N/B,#N/B
EGY,"Egypt, Arab Rep.",2017,13279100,6480079,6799021,11694121,5714465,5979656
GNQ,Equatorial Guinea,2017,216024,107045,108979,162243,78215,84028
ERI,Eritrea,2017,442899,219676,223223,550920,273625,277295
ETH,Ethiopia,2017,17710008,8709275,9000734,15601936,7702580,7899356
SWZ,Eswatini,2017,191811,96083,95728,132112,65415,66697
GAB,Gabon,2017,250330,124818,125512,291416,145350,146066
GMB,"Gambia, The",2017,371882,184260,187622,311364,154442,156922
GHA,Ghana,2017,4372123,2163040,2209083,3827835,1894081,1933754
GNB,Guinea-Bissau,2017,299885,148509,151376,254561,126376,128185
GIN,Guinea,2017,1958194,966653,991541,1950200,961928,988272
KEN,Kenya,2017,8121033,4040521,4080512,6894769,3453649,3441120
LSO,Lesotho,2017,348554,173747,174807,229953,114939,115014
LBY,Libya,2017,826473,400901,425572,732506,356589,375917
LBR,Liberia,2017,798387,394720,403667,660863,327845,333018
MWI,Malawi,2017,3184568,1602351,1582217,2582469,1301012,1281457
MDG,Madagascar,2017,3595516,1778894,1816622,4397398,2178246,2219152
MLI,Mali,2017,3399474,1679151,1720323,2639306,1301377,1337929
MRT,Mauritania,2017,702193,349309,352884,642878,327986,314892
MUS,Mauritius,2017,96383,47520,48863,135368,66537,68831
MOZ,Mozambique,2017,5474134,2734020,2740114,3265776,1637252,1628524
MAR,Morocco,2017,3940514,1918718,2021796,3640089,1763681,1876408
NAM,Namibia,2017,379943,190019,189924,254298,127391,126907
NGA,Nigeria,2017,33316284,16402629,16913656,27169338,13343180,13826158
NER,Niger,2017,3721902,1828677,1893225,3310370,1623968,1686402
RWA,Rwanda,2017,1823541,916311,907230,1539313,780326,758987
STP,Sao Tome and Principe,2017,33677,16821,16856,28609,14453,14156
SEN,Senegal,2017,2472580,1209120,1263460,2420691,1197092,1223599
SYC,Seychelles,2017,6834,3333,3501,6555,3358,3197
SOM,Somalia,2017,2528366,1245709,1282657,2127255,1049669,1077586
SLE,Sierra Leone,2017,1172074,581842,590232,1184988,587718,597270
ZAF,South Africa,2017,7414920,3654422,3760498,4783212,2361539,2421673
SDN,Sudan,2017,6963065,3439721,3523344,5117236,2532951,2584285
SSD,South Sudan,2017,1868705,924058,944647,1497792,740051,757741
TZA,Tanzania,2017,10397318,5172215,5225103,7282667,3623006,3659661
TGO,Togo,2017,1276481,632432,644049,1197886,592963,604923
TUN,Tunisia,2017,1108894,534593,574301,1152870,559321,593549
UGA,Uganda,2017,8326857,4160627,4166230,5937865,2976198,2961667
ZMB,Zambia,2017,3324906,1667903,1657003,1929184,971828,957356
ZWE,Zimbabwe,2017,2837238,1412389,1424849,2066235,1042988,1023247
BEN,Benin,2017,1936130,954249,981881,1845843,907356,938487
DZA,Algeria,2018,4136504,2022208,2114296,4357222,2130952,2226270
AGO,Angola,2018,5262059,2624350,2637709,4074577,2037224,2037353
BWA,Botswana,2018,351458,174258,177200,239636,118977,120659
BFA,Burkina Faso,2018,3503815,1725769,1778046,3232593,1594138,1638455
CPV,Cabo Verde,2018,59874,28994,30880,56224,26790,29434
CMR,Cameroon,2018,4027431,2006231,2021200,3828702,1910107,1918595
BDI,Burundi,2018,2082254,1038274,1043980,1456614,726834,729780
CAF,Central African Republic,2018,896208,444504,451704,888794,440673,448121
TCD,Chad,2018,2868821,1412745,1456076,2558934,1261982,1296952
COM,Comoros,2018,116045,56530,59515,119438,57974,61464
COG,"Congo, Rep.",2018,895757,444870,450887,786573,391361,395212
COD,"Congo, Dem. Rep.",2018,15075087,7543682,7531405,12048900,6029908,6018992
CIV,Cote d'Ivoire,2018,4421472,2152602,2268870,3995331,1912261,2083070
DJI,Djibouti,2018,#N/B,#N/B,#N/B,#N/B,#N/B,#N/B
EGY,"Egypt, Arab Rep.",2018,13640269,6653028,6987241,11868793,5804417,6064376
GNQ,Equatorial Guinea,2018,224617,111608,113009,170756,82378,88378
ERI,Eritrea,2018,443896,220123,223773,564019,280095,283924
ETH,Ethiopia,2018,17887852,8793703,9094148,15990380,7895832,8094548
SWZ,Eswatini,2018,191333,95751,95582,130756,64963,65793
GAB,Gabon,2018,259980,129561,130419,298975,149184,149791
GMB,"Gambia, The",2018,382949,189732,193217,318168,157764,160404
GHA,Ghana,2018,4460004,2206136,2253868,3924152,1942221,1981931
GNB,Guinea-Bissau,2018,306807,151878,154929,261173,129619,131554
GIN,Guinea,2018,2007709,990990,1016719,1981385,977635,1003750
KEN,Kenya,2018,8228076,4091646,4136430,7085784,3548142,3537642
LSO,Lesotho,2018,354586,176742,177844,233173,116513,116660
LBY,Libya,2018,839124,407395,431729,751454,365200,386254
LBR,Liberia,2018,812798,401726,411072,681549,337852,343697
MWI,Malawi,2018,3248766,1633677,1615089,2680684,1350732,1329952
MDG,Madagascar,2018,3663361,1811566,1851795,4471151,2215047,2256104
MLI,Mali,2018,3520133,1738822,1781311,2755142,1358765,1396377
MRT,Mauritania,2018,726298,360103,366195,666421,338680,327741
MUS,Mauritius,2018,92942,45963,46979,133918,65790,68128
MOZ,Mozambique,2018,5669246,2829948,2839298,3341214,1674169,1667045
MAR,Morocco,2018,3992701,1943808,2048893,3658735,1776386,1882349
NAM,Namibia,2018,395463,197897,197566,254460,127062,127398
NGA,Nigeria,2018,34166512,16821936,17344574,28092112,13795800,14296311
NER,Niger,2018,3858724,1895755,1962969,3455277,1695450,1759827
RWA,Rwanda,2018,1825798,917189,908609,1598567,809092,789475
STP,Sao Tome and Principe,2018,33616,16769,16847,29587,14957,14630
SEN,Senegal,2018,2543757,1239839,1303918,2504503,1235393,1269110
SYC,Seychelles,2018,7483,3693,3790,6889,3530,3359
SOM,Somalia,2018,2578935,1270928,1308007,2199059,1085342,1113717
SLE,Sierra Leone,2018,1195440,593588,601852,1210679,600297,610382
ZAF,South Africa,2018,7536409,3721469,3814940,4811616,2374610,2437006
SDN,Sudan,2018,7105393,3510234,3595159,5259695,2604526,2655169
SSD,South Sudan,2018,1884494,931510,952984,1512047,746883,765164
TZA,Tanzania,2018,10645654,5293422,5352232,7531475,3746898,3784577
TGO,Togo,2018,1314430,651198,663232,1231954,609617,622337
TUN,Tunisia,2018,1143314,551126,592188,1154018,559066,594952
UGA,Uganda,2018,8521856,4254392,4267464,6141528,3078732,3062796
ZMB,Zambia,2018,3430784,1719931,1710853,1989429,1001610,987819
ZWE,Zimbabwe,2018,2907540,1447190,1460350,2114497,1064916,1049581
BEN,Benin,2018,1989146,980804,1008342,1898043,933133,964910
DZA,Algeria,2019,4318276,2111952,2206324,4534970,2217027,2317943
AGO,Angola,2019,5460409,2722856,2737553,4256808,2127517,2129291
BWA,Botswana,2019,351547,174362,177185,244187,121261,122926
BFA,Burkina Faso,2019,3601651,1773708,1827943,3348907,1651416,1697491
CPV,Cabo Verde,2019,59497,28782,30715,56266,26854,29412
CMR,Cameroon,2019,4121498,2052056,2069442,3951906,1971513,1980393
BDI,Burundi,2019,2179703,1086624,1093079,1554357,776031,778326
CAF,Central African Republic,2019,924317,458567,465750,904615,448148,456467
TCD,Chad,2019,2965000,1460348,1504652,2661275,1312184,1349091
COM,Comoros,2019,117700,57518,60182,120081,58243,61838
COG,"Congo, Rep.",2019,930279,461811,468468,818118,406999,411119
COD,"Congo, Dem. Rep.",2019,15638638,7824908,7813730,12420849,6217372,6203477
CIV,Cote d'Ivoire,2019,4525453,2202449,2323004,4140292,1990123,2150169
DJI,Djibouti,2019,#N/B,#N/B,#N/B,#N/B,#N/B,#N/B
EGY,"Egypt, Arab Rep.",2019,14074296,6864450,7209846,12083007,5912433,6170574
GNQ,Equatorial Guinea,2019,233321,115907,117414,179852,87182,92670
ERI,Eritrea,2019,445841,221030,224811,575972,286033,289939
ETH,Ethiopia,2019,18023004,8858332,9164672,16367973,8081365,8286608
SWZ,Eswatini,2019,190945,95585,95360,129574,64535,65039
GAB,Gabon,2019,269225,134102,135123,307163,153301,153862
GMB,"Gambia, The",2019,394296,195338,198958,326048,161631,164417
GHA,Ghana,2019,4555568,2253100,2302468,4005130,1982780,2022350
GNB,Guinea-Bissau,2019,313570,155164,158406,268044,132992,135052
GIN,Guinea,2019,2053681,1013520,1040161,2021328,997561,1023767
KEN,Kenya,2019,8273979,4112457,4161522,7259817,3637378,3622439
LSO,Lesotho,2019,361278,180066,181212,235795,117809,117986
LBY,Libya,2019,840481,408636,431845,770730,373963,396767
LBR,Liberia,2019,827954,409093,418861,704309,348890,355419
MWI,Malawi,2019,3298039,1657289,1640750,2786632,1404251,1382381
MDG,Madagascar,2019,3720470,1838839,1881631,4556244,2257336,2298908
MLI,Mali,2019,3636834,1796592,1840242,2871691,1416505,1455186
MRT,Mauritania,2019,750503,370926,379577,691531,350036,341495
MUS,Mauritius,2019,89842,44437,45405,131051,64360,66691
MOZ,Mozambique,2019,5867663,2927712,2939951,3415445,1710695,1704750
MAR,Morocco,2019,4026629,1959628,2067001,3681172,1792005,1889167
NAM,Namibia,2019,410464,205751,204713,254623,126781,127842
NGA,Nigeria,2019,34949680,17209980,17739702,28960984,14220561,14740422
NER,Niger,2019,3993768,1961972,2031796,3603402,1768535,1834867
RWA,Rwanda,2019,1820362,914385,905977,1660932,839194,821738
STP,Sao Tome and Principe,2019,34026,16987,17039,30550,15439,15111
SEN,Senegal,2019,2608754,1267354,1341400,2586101,1271256,1314845
SYC,Seychelles,2019,7864,3858,4006,7265,3667,3598
SOM,Somalia,2019,2676097,1319417,1356680,2272488,1121623,1150865
SLE,Sierra Leone,2019,1215766,603877,611889,1236591,613080,623511
ZAF,South Africa,2019,7603190,3762567,3840623,4852815,2395199,2457616
SDN,Sudan,2019,7229727,3571886,3657841,5305355,2627605,2677750
SSD,South Sudan,2019,1922311,949870,972441,1595319,789260,806059
TZA,Tanzania,2019,10861139,5398112,5463027,7769054,3868350,3900704
TGO,Togo,2019,1345568,666534,679034,1268828,627668,641160
TUN,Tunisia,2019,1178579,568211,610368,1160334,561589,598745
UGA,Uganda,2019,8710270,4344810,4365460,6331048,3173699,3157349
ZMB,Zambia,2019,3528510,1768091,1760419,2055011,1033997,1021014
ZWE,Zimbabwe,2019,2985956,1486141,1499815,2146342,1078957,1067385
BEN,Benin,2019,2042068,1007132,1034936,1955881,961825,994056
DZA,Algeria,2020,4470870,2187493,2283377,4753115,2323161,2429954
AGO,Angola,2020,5656961,2820252,2836709,4446091,2221376,2224715
BWA,Botswana,2020,350238,173782,176456,247340,122842,124498
BFA,Burkina Faso,2020,3694857,1819370,1875487,3467707,1710053,1757654
CPV,Cabo Verde,2020,59330,28689,30641,56663,27126,29537
CMR,Cameroon,2020,4210708,2095206,2115502,4080630,2035705,2044925
BDI,Burundi,2020,2264662,1128701,1135961,1650331,824126,826205
CAF,Central African Republic,2020,946359,469376,476983,909849,452285,457564
TCD,Chad,2020,3057675,1506396,1551279,2759419,1360044,1399375
COM,Comoros,2020,119283,58454,60829,120659,58553,62106
COG,"Congo, Rep.",2020,959038,475859,483179,852833,424180,428653
COD,"Congo, Dem. Rep.",2020,16211646,8110016,8101630,12822362,6419557,6402805
CIV,Cote d'Ivoire,2020,4627761,2256131,2371630,4306668,2078339,2228329
DJI,Djibouti,2020,#N/B,#N/B,#N/B,#N/B,#N/B,#N/B
EGY,"Egypt, Arab Rep.",2020,14546335,7096383,7449952,12326460,6032168,6294292
GNQ,Equatorial Guinea,2020,241586,119987,121599,189283,92229,97054
ERI,Eritrea,2020,446616,221349,225267,587210,291588,295622
ETH,Ethiopia,2020,18122944,8906298,9216646,16723762,8254582,8469180
SWZ,Eswatini,2020,190294,95273,95021,129446,64570,64876
GAB,Gabon,2020,277747,138284,139463,316253,157839,158414
GMB,"Gambia, The",2020,405704,200969,204735,335407,166250,169157
GHA,Ghana,2020,4658692,2303842,2354850,4078145,2019447,2058698
GNB,Guinea-Bissau,2020,319954,158259,161695,275447,136626,138821
GIN,Guinea,2020,2097707,1035006,1062701,2063679,1018582,1045097
KEN,Kenya,2020,8278829,4113009,4165820,7450392,3729887,3720505
LSO,Lesotho,2020,368152,183478,184674,237286,118550,118736
LBY,Libya,2020,843132,410257,432875,787739,382033,405706
LBR,Liberia,2020,838904,414423,424481,727506,360166,367340
MWI,Malawi,2020,3339120,1676513,1662607,2893442,1458155,1435287
MDG,Madagascar,2020,3771983,1863373,1908610,4650536,2303869,2346667
MLI,Mali,2020,3755265,1855303,1899962,2989136,1474677,1514459
MRT,Mauritania,2020,771346,380777,390569,717756,361857,355899
MUS,Mauritius,2020,86851,42914,43937,127510,62731,64779
MOZ,Mozambique,2020,6068189,3026546,3041643,3494302,1749516,1744786
MAR,Morocco,2020,4037166,1963772,2073394,3714771,1812897,1901874
NAM,Namibia,2020,423920,213025,210895,257043,127592,129451
NGA,Nigeria,2020,35675616,17570718,18104900,29812940,14637537,15175403
NER,Niger,2020,4126921,2027364,2099557,3752226,1841716,1910510
RWA,Rwanda,2020,1810665,909532,901133,1720769,867988,852781
STP,Sao Tome and Principe,2020,34303,17137,17166,31421,15861,15560
SEN,Senegal,2020,2661843,1288386,1373457,2668437,1306121,1362316
SYC,Seychelles,2020,8330,4007,4323,7312,3703,3609
SOM,Somalia,2020,2788437,1374969,1413468,2348328,1158911,1189417
SLE,Sierra Leone,2020,1232402,612324,620078,1261890,625818,636072
ZAF,South Africa,2020,7616992,3777952,3839040,4928264,2435235,2493029
SDN,Sudan,2020,7343246,3628013,3715233,6506694,3222262,3284432
SSD,South Sudan,2020,1939550,957907,981643,1661723,822654,839069
TZA,Tanzania,2020,11083800,5505899,5577901,8023397,3997416,4025981
TGO,Togo,2020,1370407,678733,691674,1309309,647538,661771
TUN,Tunisia,2020,1220876,588876,632000,1173851,567893,605958
UGA,Uganda,2020,8891744,4431408,4460336,6519310,3267580,3251730
ZMB,Zambia,2020,3616702,1811563,1805139,2127186,1069656,1057530
ZWE,Zimbabwe,2020,3065544,1525575,1539969,2169703,1089012,1080691
BEN,Benin,2020,2098104,1034971,1063133,2015295,991441,1023854
DZA,Algeria,2021,4632741,2267655,2365086,5004949,2445950,2558999
AGO,Angola,2021,5847964,2914830,2933134,4637826,2316352,2321474
BWA,Botswana,2021,349157,173320,175837,248499,123429,125070
BFA,Burkina Faso,2021,3780509,1861383,1919126,3592458,1771260,1821198
CPV,Cabo Verde,2021,59452,28755,30697,57046,27364,29682
CMR,Cameroon,2021,4297230,2136989,2160241,4215046,2102705,2112341
BDI,Burundi,2021,2341155,1166557,1174598,1747564,872736,874828
CAF,Central African Republic,2021,972944,482355,490589,924276,459251,465025
TCD,Chad,2021,3156713,1555727,1600986,2866878,1412861,1454017
COM,Comoros,2021,120994,59432,61562,121993,59253,62740
COG,"Congo, Rep.",2021,980418,486275,494143,889449,442295,447154
COD,"Congo, Dem. Rep.",2021,16798148,8401385,8396762,13274806,6647571,6627235
CIV,Cote d'Ivoire,2021,4780171,2340603,2439568,4486743,2172778,2313965
DJI,Djibouti,2021,#N/B,#N/B,#N/B,#N/B,#N/B,#N/B
EGY,"Egypt, Arab Rep.",2021,15005427,7323115,7682312,12592145,6159406,6432739
GNQ,Equatorial Guinea,2021,249099,123698,125401,197855,97053,100802
ERI,Eritrea,2021,445772,220878,224894,597352,296611,300741
ETH,Ethiopia,2021,18203764,8945072,9258691,17047616,8411257,8636359
SWZ,Eswatini,2021,190144,95088,95056,130515,65239,65276
GAB,Gabon,2021,285044,141861,143183,326540,162950,163590
GMB,"Gambia, The",2021,416651,206373,210278,345504,171260,174244
GHA,Ghana,2021,4755625,2351569,2404056,4151079,2056153,2094926
GNB,Guinea-Bissau,2021,325697,161034,164663,282484,140076,142408
GIN,Guinea,2021,2140529,1055896,1084633,2109502,1041306,1068196
KEN,Kenya,2021,8260008,4102615,4157393,7648579,3823230,3825349
LSO,Lesotho,2021,373171,185947,187224,239013,119386,119627
LBY,Libya,2021,848085,412811,435274,802179,389015,413164
LBR,Liberia,2021,848064,418899,429165,750143,371193,378950
MWI,Malawi,2021,3368223,1689523,1678700,2996044,1509775,1486269
MDG,Madagascar,2021,3813485,1883135,1930350,4757173,2356173,2401000
MLI,Mali,2021,3867509,1910897,1956612,3111426,1535502,1575924
MRT,Mauritania,2021,791222,390338,400884,744968,374099,370869
MUS,Mauritius,2021,84225,41497,42728,123809,60997,62812
MOZ,Mozambique,2021,6256943,3119616,3137327,3588458,1795784,1792674
MAR,Morocco,2021,4031093,1960434,2070659,3774465,1843456,1931009
NAM,Namibia,2021,439338,221135,218203,262482,129991,132491
NGA,Nigeria,2021,36339164,17899968,18439196,30691172,15066839,15624333
NER,Niger,2021,4260313,2092911,2167402,3906291,1917502,1988789
RWA,Rwanda,2021,1806601,905709,900892,1771863,892556,879307
STP,Sao Tome and Principe,2021,34602,17272,17330,32374,16293,16081
SEN,Senegal,2021,2699957,1301469,1398488,2752570,1341009,1411561
SYC,Seychelles,2021,8612,4125,4487,7418,3723,3695
SOM,Somalia,2021,2914658,1437462,1477196,2423930,1195913,1228017
SLE,Sierra Leone,2021,1245545,618995,626550,1288259,639354,648905
ZAF,South Africa,2021,7566365,3761531,3804834,5029578,2491089,2538489
SDN,Sudan,2021,7458668,3685036,3773632,6629334,3282349,3346985
SSD,South Sudan,2021,1934302,955193,979109,1719672,851738,867934
TZA,Tanzania,2021,11346677,5633657,5713020,8283199,4127303,4155896
TGO,Togo,2021,1392703,689660,703043,1351518,668309,683209
TUN,Tunisia,2021,1249497,603583,645914,1197406,579081,618325
UGA,Uganda,2021,9065003,4513781,4551222,6693283,3353322,3339961
ZMB,Zambia,2021,3693985,1849584,1844401,2205816,1108592,1097224
ZWE,Zimbabwe,2021,3124717,1554779,1569938,2197234,1101352,1095882
BEN,Benin,2021,2158080,1064778,1093302,2074105,1020789,1053316
DZA,Algeria,2022,4776173,2338773,2437400,5261618,2571647,2689971
AGO,Angola,2022,6031156,3005377,3025779,4836531,2414939,2421592
BWA,Botswana,2022,349284,173451,175833,248094,123227,124867
BFA,Burkina Faso,2022,3859802,1900286,1959516,3718543,1833229,1885314
CPV,Cabo Verde,2022,59401,28805,30596,57897,27829,30068
CMR,Cameroon,2022,4395134,2184399,2210735,4348879,2169167,2179712
BDI,Burundi,2022,2407201,1199137,1208064,1844831,921327,923504
CAF,Central African Republic,2022,990306,490464,499842,930735,463091,467644
TCD,Chad,2022,3254896,1604832,1650064,2984560,1470938,1513622
COM,Comoros,2022,122549,60315,62234,123644,60171,63473
COG,"Congo, Rep.",2022,995586,493612,501974,928213,461459,466754
COD,"Congo, Dem. Rep.",2022,17384452,8692322,8692130,13763221,6893002,6870219
CIV,Cote d'Ivoire,2022,4918771,2417782,2500989,4665987,2266704,2399283
DJI,Djibouti,2022,#N/B,#N/B,#N/B,#N/B,#N/B,#N/B
EGY,"Egypt, Arab Rep.",2022,15437640,7538130,7899510,12893695,6300922,6592773
GNQ,Equatorial Guinea,2022,256171,127183,128988,207421,102232,105189
ERI,Eritrea,2022,443647,219783,223864,605822,300784,305038
ETH,Ethiopia,2022,18339468,9011411,9328057,17321000,8542920,8778081
SWZ,Eswatini,2022,190175,94953,95222,131151,65639,65512
GAB,Gabon,2022,291464,145002,146462,338046,168662,169384
GMB,"Gambia, The",2022,426074,211015,215059,355962,176448,179514
GHA,Ghana,2022,4846260,2396191,2450069,4227370,2094293,2133077
GNB,Guinea-Bissau,2022,330769,163478,167291,289254,143392,145862
GIN,Guinea,2022,2182240,1076247,1105993,2160719,1066526,1094193
KEN,Kenya,2022,8220602,4082210,4138392,7825033,3908729,3916304
LSO,Lesotho,2022,377503,188052,189451,241397,120554,120843
LBY,Libya,2022,850721,414124,436597,813236,394462,418774
LBR,Liberia,2022,855545,422562,432983,771024,381376,389648
MWI,Malawi,2022,3387164,1697524,1689640,3089402,1556389,1533013
MDG,Madagascar,2022,3856656,1903898,1952758,4862843,2407734,2455109
MLI,Mali,2022,3977551,1965509,2012042,3232837,1595746,1637091
MRT,Mauritania,2022,810259,399675,410584,772705,386562,386143
MUS,Mauritius,2022,81773,40168,41605,119344,58780,60564
MOZ,Mozambique,2022,6424901,3202274,3222627,3712615,1857052,1855563
MAR,Morocco,2022,4011411,1950344,2061067,3841726,1876383,1965343
NAM,Namibia,2022,455129,229196,225933,270826,134227,136599
NGA,Nigeria,2022,36892476,18174408,18718068,31552952,15487746,16065207
NER,Niger,2022,4391462,2157502,2233960,4062322,1994209,2068113
RWA,Rwanda,2022,1843701,920451,923250,1812844,911636,901208
STP,Sao Tome and Principe,2022,34869,17400,17469,32955,16556,16399
SEN,Senegal,2022,2724720,1307424,1417296,2834373,1374207,1460166
SYC,Seychelles,2022,9756,4803,4953,10455,5228,5227
SOM,Somalia,2022,3051226,1505352,1545874,2481425,1223656,1257769
SLE,Sierra Leone,2022,1255299,623922,631377,1313048,652017,661031
ZAF,South Africa,2022,7451756,3713254,3738502,5147091,2557794,2589297
SDN,Sudan,2022,7598653,3754058,3844595,6768860,3351212,3417648
SSD,South Sudan,2022,1889457,933175,956282,1757237,870232,887005
TZA,Tanzania,2022,11647183,5780312,5866871,8527175,4248082,4279093
TGO,Togo,2022,1412287,699235,713052,1396394,690445,705949
TUN,Tunisia,2022,1269572,614279,655293,1231395,594987,636408
UGA,Uganda,2022,9238745,4596403,4642342,6859349,3434290,3425059
ZMB,Zambia,2022,3763471,1883819,1879652,2286360,1148314,1138046
ZWE,Zimbabwe,2022,3159276,1571623,1587653,2235721,1119554,1116167
BEN,Benin,2022,2219359,1095119,1124240,2132886,1050148,1082738
DZA,Algeria,2023,4901341,2400768,2500573,5510353,2693993,2816360
AGO,Angola,2023,6207232,3092088,3115144,5033713,2512722,2520991
BWA,Botswana,2023,353280,175426,177854,245751,122154,123597
BFA,Burkina Faso,2023,3925248,1932317,1992931,3842085,1894070,1948015
CPV,Cabo Verde,2023,59257,28814,30443,58440,28114,30326
CMR,Cameroon,2023,4505619,2238057,2267562,4476640,2232439,2244201
BDI,Burundi,2023,2459521,1224850,1234671,1947729,972659,975070
CAF,Central African Republic,2023,976709,483452,493257,947348,474733,472615
TCD,Chad,2023,3345432,1650187,1695245,3100665,1528305,1572360
COM,Comoros,2023,123960,61091,62869,125550,61248,64302
COG,"Congo, Rep.",2023,1002074,496676,505398,973015,483592,489423
COD,"Congo, Dem. Rep.",2023,17980568,8987811,8992757,14288860,7156952,7131908
CIV,Cote d'Ivoire,2023,5046041,2489036,2557005,4844025,2358763,2485262
DJI,Djibouti,2023,#N/B,#N/B,#N/B,#N/B,#N/B,#N/B
EGY,"Egypt, Arab Rep.",2023,15707037,7672597,8034440,13247161,6468307,6778854
GNQ,Equatorial Guinea,2023,262589,130340,132249,216360,107078,109282
ERI,Eritrea,2023,440912,218405,222507,609310,302458,306852
ETH,Ethiopia,2023,18566150,9123577,9442573,17543092,8649572,8893520
SWZ,Eswatini,2023,190815,95249,95566,131388,65766,65622
GAB,Gabon,2023,297452,147933,149519,350339,174732,175607
GMB,"Gambia, The",2023,433533,214690,218843,366744,181800,184944
GHA,Ghana,2023,4909709,2427361,2482348,4315959,2138345,2177614
GNB,Guinea-Bissau,2023,334747,165392,169355,296164,146769,149395
GIN,Guinea,2023,2223872,1096576,1127296,2217715,1094646,1123069
KEN,Kenya,2023,8186784,4064883,4121901,7991244,3986074,4005170
LSO,Lesotho,2023,382166,190295,191871,244686,122141,122545
LBY,Libya,2023,846912,412313,434599,824930,400208,424722
LBR,Liberia,2023,863390,426399,436991,789543,390440,399103
MWI,Malawi,2023,3400417,1702798,1697619,3168145,1595221,1572924
MDG,Madagascar,2023,3915417,1932510,1982907,4957237,2453554,2503683
MLI,Mali,2023,4084228,2018744,2065484,3351765,1654631,1697134
MRT,Mauritania,2023,828503,408786,419717,801094,399347,401747
MUS,Mauritius,2023,80245,39326,40919,114805,56638,58167
MOZ,Mozambique,2023,6577722,3277423,3300299,3858327,1929172,1929155
MAR,Morocco,2023,3982194,1936453,2045741,3914387,1909287,2005100
NAM,Namibia,2023,472726,238378,234348,279948,139170,140778
NGA,Nigeria,2023,37299284,18373720,18925564,32411648,15909238,16502411
NER,Niger,2023,4519561,2220702,2298859,4221532,2072506,2149026
RWA,Rwanda,2023,1868624,931056,937568,1815533,912742,902791
STP,Sao Tome and Principe,2023,35196,17543,17653,33245,16678,16567
SEN,Senegal,2023,2738624,1307771,1430853,2911996,1405234,1506762
SYC,Seychelles,2023,9881,4851,5030,10587,5291,5296
SOM,Somalia,2023,2221347,1095502,1125845,3459773,1706923,1752850
SLE,Sierra Leone,2023,1265343,628919,636424,1337369,664292,673077
ZAF,South Africa,2023,7390213,3682172,3708041,5281723,2626265,2655458
SDN,Sudan,2023,7741653,3824343,3917310,6910960,3421305,3489655
SSD,South Sudan,2023,1842564,910451,932113,1806090,894768,911322
TZA,Tanzania,2023,11949866,5927832,6022034,8757528,4361917,4395611
TGO,Togo,2023,1430752,708245,722507,1443117,713503,729614
TUN,Tunisia,2023,1280859,620770,660089,1268937,612650,656287
UGA,Uganda,2023,9400167,4672981,4727186,7012860,3507908,3504952
ZMB,Zambia,2023,3826413,1915043,1911370,2365832,1187647,1178185
ZWE,Zimbabwe,2023,3167480,1575243,1592237,2295553,1146943,1148610
BEN,Benin,2023,2279532,1124871,1154661,2191448,1079479,1111969
